City_ID,City,Lat,Lng,Max Temp,Humidity,Cloudiness,Wind Speed,Country,Weather Description,Date
0,Qaanaaq,77.484,-69.3632,38.26,80,97,8.66,GL,overcast clouds,2022-09-06 18:00:21
1,Cape Town,-33.9258,18.4232,57.27,65,0,13.8,ZA,clear sky,2022-09-06 17:59:44
2,Rikitea,-23.1203,-134.9692,73.51,69,99,22.44,PF,overcast clouds,2022-09-06 18:00:21
3,Castro,-24.7911,-50.0119,55.58,97,100,10.4,BR,overcast clouds,2022-09-06 18:00:22
4,Alta Floresta,-9.8756,-56.0861,98.42,30,68,5.75,BR,smoke,2022-09-06 17:59:57
5,Kapaa,22.0752,-159.319,80.92,84,40,13.8,US,moderate rain,2022-09-06 18:00:22
6,Salalah,17.0151,54.0924,77.45,91,100,5.91,OM,overcast clouds,2022-09-06 18:00:22
7,Los Llanos De Aridane,28.6585,-17.9182,73.15,84,40,13.8,ES,scattered clouds,2022-09-06 18:00:23
8,Mahebourg,-20.4081,57.7,71.26,64,61,14.63,MU,broken clouds,2022-09-06 18:00:23
9,Arraial Do Cabo,-22.9661,-42.0278,68.61,68,76,17.85,BR,broken clouds,2022-09-06 18:00:24
10,Jamestown,42.097,-79.2353,69.06,66,100,8.05,US,overcast clouds,2022-09-06 18:00:24
11,Hermanus,-34.4187,19.2345,48.79,78,34,7.99,ZA,scattered clouds,2022-09-06 18:00:24
12,Dengzhou,37.8086,120.7508,68.34,60,0,9.71,CN,clear sky,2022-09-06 18:00:25
13,Ushuaia,-54.8,-68.3,31.93,71,98,10.76,AR,light snow,2022-09-06 18:00:25
14,Narsaq,60.9167,-46.05,52.02,84,100,1.28,GL,overcast clouds,2022-09-06 18:00:26
15,Bafoulabe,13.8065,-10.8321,86.32,76,71,4.18,ML,light rain,2022-09-06 18:00:26
16,Ribeira Grande,38.5167,-28.7,77.4,88,40,11.5,PT,scattered clouds,2022-09-06 18:00:26
17,Malanje,-9.5402,16.341,80.6,37,67,5.28,AO,broken clouds,2022-09-06 18:00:27
18,Comodoro Rivadavia,-45.8667,-67.5,43.48,73,100,21.39,AR,overcast clouds,2022-09-06 18:00:27
19,Norman Wells,65.282,-126.8329,41.45,78,95,9.71,CA,overcast clouds,2022-09-06 18:00:27
20,Saint-Francois,46.4154,3.9054,78.24,50,0,8.05,FR,clear sky,2022-09-06 18:00:28
21,Atuona,-9.8,-139.0333,75.81,81,52,15.37,PF,light rain,2022-09-06 18:00:28
22,Vaini,-21.2,-175.2,75.87,78,93,8.86,TO,overcast clouds,2022-09-06 18:00:28
23,Vadso,70.0744,29.7487,43.68,81,40,3.44,NO,scattered clouds,2022-09-06 18:00:29
24,Puerto Ayacucho,5.6639,-67.6236,83.86,74,92,4.85,VE,overcast clouds,2022-09-06 18:00:29
25,Magadan,59.5667,150.8,44.82,83,57,1.34,RU,broken clouds,2022-09-06 18:00:30
26,Margate,51.3813,1.3862,67.87,76,100,7.0,GB,moderate rain,2022-09-06 18:00:30
27,Harper,4.375,-7.7169,76.28,88,97,11.1,LR,light rain,2022-09-06 18:00:30
28,Evensk,61.95,159.2333,41.14,84,2,2.44,RU,clear sky,2022-09-06 17:57:22
29,Bluff,-46.6,168.3333,41.81,89,98,24.79,NZ,light rain,2022-09-06 18:00:31
30,West Plains,36.7281,-91.8524,80.22,76,100,3.44,US,overcast clouds,2022-09-06 18:00:31
31,Petropavlovsk-Kamchatskiy,53.0452,158.6483,49.77,91,100,2.66,RU,overcast clouds,2022-09-06 18:00:32
32,Kortkeros,61.8106,51.5806,46.4,97,100,3.69,RU,light rain,2022-09-06 18:00:32
33,Constitucion,-35.3333,-72.4167,59.94,53,3,5.88,CL,clear sky,2022-09-06 18:00:32
34,Dikson,73.5069,80.5464,36.63,76,100,21.45,RU,overcast clouds,2022-09-06 18:00:33
35,Katangli,51.7102,143.2326,54.25,98,100,26.08,RU,light rain,2022-09-06 18:00:33
36,Esperance,-33.8667,121.9,55.96,67,93,17.56,AU,overcast clouds,2022-09-06 18:00:18
37,Cedar City,37.6775,-113.0619,90.39,16,22,8.41,US,few clouds,2022-09-06 17:58:08
38,Komsomolskiy,40.4272,71.7189,77.72,25,0,9.22,UZ,clear sky,2022-09-06 18:00:34
39,Butaritari,3.0707,172.7902,81.81,74,35,19.55,KI,scattered clouds,2022-09-06 18:00:34
40,Hilo,19.7297,-155.09,81.28,97,37,1.01,US,scattered clouds,2022-09-06 18:00:34
41,Albany,42.6001,-73.9662,65.39,95,100,4.54,US,overcast clouds,2022-09-06 17:59:06
42,Lavrentiya,65.5833,-171.0,43.11,96,100,6.98,RU,light rain,2022-09-06 18:00:35
43,Mataura,-46.1927,168.8643,41.49,96,92,4.54,NZ,overcast clouds,2022-09-06 18:00:35
44,Zhigansk,66.7697,123.3711,42.51,92,100,17.4,RU,overcast clouds,2022-09-06 18:00:36
45,Kavaratti,10.5669,72.642,78.84,82,100,29.08,IN,overcast clouds,2022-09-06 18:00:36
46,Punta Arenas,-53.15,-70.9167,37.11,69,17,19.62,CL,few clouds,2022-09-06 18:00:36
47,Hobart,-42.8794,147.3294,44.06,94,25,5.75,AU,scattered clouds,2022-09-06 18:00:05
48,Bethel,41.3712,-73.414,68.36,88,100,1.01,US,moderate rain,2022-09-06 17:57:12
49,Nikolskoye,59.7035,30.7861,51.87,79,98,6.73,RU,light rain,2022-09-06 18:00:37
50,Tuatapere,-46.1333,167.6833,39.15,95,94,6.69,NZ,overcast clouds,2022-09-06 18:00:37
51,Porangatu,-13.4408,-49.1486,100.56,12,53,1.66,BR,broken clouds,2022-09-06 18:00:37
52,Annau,37.8876,58.516,88.93,17,0,4.14,TM,clear sky,2022-09-06 18:00:38
53,Bilma,18.6853,12.9164,97.29,23,64,10.87,NE,broken clouds,2022-09-06 18:00:38
54,Dongying,37.4564,118.4856,67.1,49,0,5.53,CN,clear sky,2022-09-06 18:00:38
55,Hirara,24.8,125.2833,83.7,77,100,4.0,JP,overcast clouds,2022-09-06 18:00:39
56,Paris,48.8534,2.3488,81.37,49,94,10.36,FR,overcast clouds,2022-09-06 18:00:06
57,Ponta Do Sol,32.6667,-17.1,78.12,72,36,4.76,PT,scattered clouds,2022-09-06 18:00:39
58,Yumen,40.2833,97.2,68.29,17,17,11.14,CN,few clouds,2022-09-06 18:00:39
59,Kungalv,57.871,11.9805,62.46,67,29,3.51,SE,scattered clouds,2022-09-06 18:00:40
60,Cervo,43.6702,-7.4101,69.96,67,89,13.4,ES,overcast clouds,2022-09-06 18:00:40
61,Georgetown,5.4112,100.3354,82.33,91,40,3.44,MY,scattered clouds,2022-09-06 17:59:57
62,Tiznit,29.5833,-9.5,75.92,48,16,7.43,MA,few clouds,2022-09-06 18:00:41
63,Kaitangata,-46.2817,169.8464,41.47,74,89,13.18,NZ,overcast clouds,2022-09-06 18:00:41
64,Ostrovnoy,68.0531,39.5131,44.4,79,97,19.13,RU,light rain,2022-09-06 18:00:41
65,Yellowknife,62.456,-114.3525,48.56,81,100,18.01,CA,overcast clouds,2022-09-06 18:00:42
66,Jacareacanga,-6.2222,-57.7528,100.11,23,41,3.06,BR,scattered clouds,2022-09-06 18:00:42
67,Sept-Iles,50.2001,-66.3821,60.06,70,82,5.01,CA,broken clouds,2022-09-06 18:00:05
68,Waw,7.7029,27.9953,75.16,89,99,2.3,SS,light rain,2022-09-06 18:00:06
69,Taga,46.95,24.05,64.72,64,84,2.1,RO,broken clouds,2022-09-06 18:00:43
70,Busselton,-33.65,115.3333,50.43,78,18,7.27,AU,few clouds,2022-09-06 18:00:43
71,Sao Filipe,14.8961,-24.4956,79.83,83,99,10.09,CV,moderate rain,2022-09-06 18:00:43
72,Barrow,71.2906,-156.7887,35.62,100,100,16.11,US,mist,2022-09-06 18:00:44
73,Kavieng,-2.5744,150.7967,81.32,80,30,12.59,PG,scattered clouds,2022-09-06 18:00:44
74,New Norfolk,-42.7826,147.0587,43.72,80,51,1.79,AU,broken clouds,2022-09-06 18:00:44
75,Puerto Ayora,-0.7393,-90.3518,69.55,98,100,4.0,EC,overcast clouds,2022-09-06 18:00:45
76,Fairbanks,64.8378,-147.7164,48.81,91,70,1.79,US,broken clouds,2022-09-06 17:59:08
77,Thompson,55.7435,-97.8558,62.76,67,75,16.11,CA,thunderstorm with light rain,2022-09-06 18:00:07
78,Bulgan,48.8125,103.5347,55.38,58,12,3.58,MN,few clouds,2022-09-06 18:00:45
79,Sur,22.5667,59.5289,84.81,64,0,15.19,OM,clear sky,2022-09-06 18:00:46
80,Brownwood,31.7093,-98.9912,91.4,61,0,7.2,US,clear sky,2022-09-06 18:00:46
81,Chuy,-33.6971,-53.4616,61.48,80,97,8.14,UY,light rain,2022-09-06 18:00:47
82,Meulaboh,4.1363,96.1285,75.76,86,100,4.43,ID,overcast clouds,2022-09-06 18:00:47
83,Saskylakh,71.9167,114.0833,42.06,93,100,6.53,RU,overcast clouds,2022-09-06 18:00:48
84,Atar,20.5169,-13.0499,106.16,13,7,18.37,MR,clear sky,2022-09-06 18:00:48
85,Khatanga,71.9667,102.5,38.75,92,99,9.13,RU,overcast clouds,2022-09-06 18:00:49
86,Trincomalee,8.5711,81.2335,79.63,78,100,22.41,LK,overcast clouds,2022-09-06 18:00:49
87,Maputo,-25.9653,32.5892,67.77,66,87,12.84,MZ,overcast clouds,2022-09-06 18:00:44
88,Sivaki,52.6333,126.75,51.22,93,100,10.85,RU,light rain,2022-09-06 18:00:49
89,Maun,-19.9833,23.4167,76.05,10,0,8.46,BW,clear sky,2022-09-06 18:00:50
90,Klaksvik,62.2266,-6.589,58.12,98,86,15.9,FO,overcast clouds,2022-09-06 18:00:50
91,Martapura,-3.4167,114.85,75.29,88,20,6.91,ID,few clouds,2022-09-06 18:00:50
92,Laguna,38.421,-121.4238,109.18,23,0,3.44,US,clear sky,2022-09-06 18:00:51
93,Talnakh,69.4865,88.3972,33.6,96,100,5.44,RU,light snow,2022-09-06 18:00:51
94,Pasni,25.2631,63.471,79.88,82,0,7.9,PK,clear sky,2022-09-06 18:00:52
95,Tongliao,43.6125,122.2653,49.42,75,2,9.62,CN,clear sky,2022-09-06 18:00:52
96,Gravdal,68.1214,13.5031,49.89,81,75,8.05,NO,broken clouds,2022-09-06 18:00:52
97,Sinuknipan,13.8894,122.6375,77.14,90,99,2.08,PH,overcast clouds,2022-09-06 18:00:53
98,Atambua,-9.1061,124.8925,70.77,83,99,3.33,ID,overcast clouds,2022-09-06 18:00:53
99,Bonthe,7.5264,-12.505,75.51,94,100,4.79,SL,moderate rain,2022-09-06 18:00:53
100,Smirnykh,49.75,142.8333,59.07,98,100,17.34,RU,overcast clouds,2022-09-06 18:00:54
101,Nishihara,26.1842,127.7558,79.88,83,75,8.05,JP,broken clouds,2022-09-06 18:00:54
102,El Tigre,8.8875,-64.2454,86.13,60,62,6.49,VE,broken clouds,2022-09-06 18:00:54
103,Bluefield,37.2698,-81.2223,76.57,80,75,5.75,US,broken clouds,2022-09-06 17:59:14
104,Raudeberg,61.9875,5.1352,63.27,66,9,17.13,NO,clear sky,2022-09-06 18:00:55
105,Geraldton,-28.7667,114.6,54.01,87,75,5.75,AU,broken clouds,2022-09-06 18:00:55
106,Biltine,14.5333,20.9167,86.0,53,64,0.94,TD,broken clouds,2022-09-06 18:00:55
107,Luwuk,-0.9516,122.7875,75.72,92,100,1.45,ID,overcast clouds,2022-09-06 18:00:56
108,Goundam,16.4145,-3.6708,99.45,28,13,11.34,ML,few clouds,2022-09-06 18:00:56
109,Boa Vista,2.8197,-60.6733,87.78,50,40,3.44,BR,scattered clouds,2022-09-06 17:57:41
110,Mafeteng,-29.823,27.2374,51.96,17,1,1.14,LS,clear sky,2022-09-06 18:00:56
111,Xudat,41.631,48.681,61.61,76,100,4.45,AZ,overcast clouds,2022-09-06 18:00:57
112,Hobyo,5.3505,48.5268,75.87,79,28,28.43,SO,scattered clouds,2022-09-06 18:00:57
113,Chokurdakh,70.6333,147.9167,41.72,62,98,8.52,RU,overcast clouds,2022-09-06 18:00:57
114,Abeche,13.8292,20.8324,80.11,68,93,5.1,TD,light rain,2022-09-06 18:00:58
115,Cabo San Lucas,22.8909,-109.9124,82.71,84,100,26.46,MX,overcast clouds,2022-09-06 18:00:58
116,Bredasdorp,-34.5322,20.0403,49.01,86,21,3.44,ZA,few clouds,2022-09-06 18:00:59
117,Nhulunbuy,-12.2333,136.7667,70.41,88,82,2.3,AU,broken clouds,2022-09-06 18:00:59
118,Kautokeino,69.0125,23.0412,40.51,85,100,6.29,NO,overcast clouds,2022-09-06 18:00:59
119,Port Alfred,-33.5906,26.891,58.75,75,0,6.24,ZA,clear sky,2022-09-06 18:00:59
120,Ciro Marina,39.3732,17.126,78.48,55,0,4.72,IT,clear sky,2022-09-06 18:01:00
121,Deputatskiy,69.3,139.9,40.84,63,97,4.21,RU,overcast clouds,2022-09-06 18:01:00
122,Kharan,28.5833,65.4167,89.53,10,0,1.5,PK,clear sky,2022-09-06 18:01:01
123,Rock Sound,24.9,-76.2,83.44,71,3,7.25,BS,clear sky,2022-09-06 18:01:01
124,Tura,25.5198,90.2201,74.34,94,99,2.57,IN,overcast clouds,2022-09-06 18:01:01
125,Vieux-Habitants,16.0589,-61.7659,83.41,76,60,8.3,GP,broken clouds,2022-09-06 18:01:02
126,Nanortalik,60.1432,-45.2371,43.9,96,100,6.78,GL,overcast clouds,2022-09-06 18:01:02
127,Asilah,35.465,-6.0348,75.16,75,47,10.56,MA,scattered clouds,2022-09-06 18:01:02
128,Hithadhoo,-0.6,73.0833,81.52,72,90,13.6,MV,overcast clouds,2022-09-06 18:01:03
129,Henties Bay,-22.116,14.2845,57.15,78,2,5.44,NA,clear sky,2022-09-06 18:01:03
130,Bone,51.9669,12.1396,70.83,71,55,2.37,DE,broken clouds,2022-09-06 18:01:03
131,Tasiilaq,65.6145,-37.6368,42.96,93,64,4.9,GL,broken clouds,2022-09-06 18:01:04
132,Grand Island,40.925,-98.342,83.98,20,23,7.83,US,few clouds,2022-09-06 17:57:32
133,Itabuna,-14.7856,-39.2803,68.43,95,99,5.35,BR,overcast clouds,2022-09-06 18:01:04
134,Gat,31.61,34.7642,80.82,100,0,6.91,IL,clear sky,2022-09-06 18:01:05
135,Camargo,27.6667,-105.1667,78.24,51,80,7.25,MX,broken clouds,2022-09-06 17:56:14
136,Avarua,-21.2078,-159.775,75.25,88,75,5.75,CK,broken clouds,2022-09-06 18:01:05
137,Sinnamary,5.3833,-52.95,85.96,64,71,13.11,GF,broken clouds,2022-09-06 18:01:05
138,Puerto Escondido,15.85,-97.0667,86.2,62,82,6.29,MX,broken clouds,2022-09-06 18:01:05
139,Denpasar,-8.65,115.2167,78.46,88,20,5.75,ID,few clouds,2022-09-06 18:00:15
140,Grindavik,63.8424,-22.4338,55.87,76,0,10.36,IS,clear sky,2022-09-06 18:01:06
141,Port Hedland,-20.3167,118.5667,62.65,82,0,9.22,AU,clear sky,2022-09-06 18:01:06
142,Moerai,-22.4333,-151.3333,73.27,78,56,20.96,PF,broken clouds,2022-09-06 18:01:06
143,Mastic Beach,40.7668,-72.8521,72.28,96,100,9.28,US,moderate rain,2022-09-06 18:01:07
144,Gandorhun,7.5,-11.8333,73.27,98,100,1.72,SL,moderate rain,2022-09-06 18:01:07
145,Tuktoyaktuk,69.4541,-133.0374,37.4,87,100,13.8,CA,overcast clouds,2022-09-06 18:01:08
146,Zhoucheng,35.9122,116.3117,64.89,45,0,2.75,CN,clear sky,2022-09-06 18:01:08
147,Yinchuan,38.4681,106.2731,68.76,21,0,6.71,CN,clear sky,2022-09-06 18:01:08
148,Kieta,-6.2167,155.6333,78.01,85,51,4.72,PG,broken clouds,2022-09-06 18:01:09
149,Vanavara,60.34,102.2797,36.91,98,48,5.23,RU,scattered clouds,2022-09-06 18:01:09
150,Honiara,-9.4333,159.95,77.49,86,3,7.07,SB,clear sky,2022-09-06 18:01:09
151,Tautira,-17.7333,-149.15,76.68,79,23,18.05,PF,light rain,2022-09-06 18:01:09
152,Torbay,47.6666,-52.7314,59.29,93,100,10.0,CA,overcast clouds,2022-09-06 18:01:10
153,Port-Gentil,-0.7193,8.7815,76.96,83,40,12.66,GA,scattered clouds,2022-09-06 18:01:10
154,Chapais,49.7834,-74.8492,74.23,32,25,4.36,CA,scattered clouds,2022-09-06 18:01:10
155,Cidreira,-30.1811,-50.2056,63.93,82,100,19.46,BR,overcast clouds,2022-09-06 18:01:11
156,Sibolga,1.7427,98.7792,76.15,90,86,2.84,ID,overcast clouds,2022-09-06 18:01:11
157,Kodiak,57.79,-152.4072,50.88,89,70,5.82,US,broken clouds,2022-09-06 18:01:11
158,Sterling,39.0062,-77.4286,84.54,72,40,14.0,US,scattered clouds,2022-09-06 17:56:31
159,Saint George,37.1041,-113.5841,98.64,18,0,1.99,US,clear sky,2022-09-06 18:00:10
160,Broome,42.2506,-75.833,72.86,88,100,5.75,US,mist,2022-09-06 18:01:12
161,Murud,18.3258,72.965,80.73,84,100,6.26,IN,moderate rain,2022-09-06 18:01:12
162,Walvis Bay,-22.9575,14.5053,59.09,70,8,7.54,NA,clear sky,2022-09-06 18:01:12
163,Springdale,36.1867,-94.1288,86.74,66,40,5.75,US,scattered clouds,2022-09-06 18:01:07
164,Oak Harbor,48.2932,-122.6432,69.82,71,2,3.0,US,clear sky,2022-09-06 18:00:12
165,Sharjah,25.3573,55.4033,91.71,49,0,4.83,AE,clear sky,2022-09-06 18:01:13
166,Ilulissat,69.2167,-51.1,41.02,87,75,4.61,GL,broken clouds,2022-09-06 18:01:13
167,Bonanza,14.0289,-84.591,90.41,48,89,3.15,NI,overcast clouds,2022-09-06 18:01:13
168,Lebu,-37.6167,-73.65,57.16,60,0,14.72,CL,clear sky,2022-09-06 18:01:14
169,Upernavik,72.7868,-56.1549,40.23,82,92,17.09,GL,overcast clouds,2022-09-06 18:01:14
170,Solnechnyy,50.7214,136.6319,51.87,99,100,4.25,RU,moderate rain,2022-09-06 18:01:14
171,Velyka Mykhaylivka,47.0794,29.8514,61.81,37,59,3.2,UA,broken clouds,2022-09-06 18:01:15
172,Saint-Philippe,-21.3585,55.7679,67.59,72,25,10.51,RE,scattered clouds,2022-09-06 18:01:15
173,Carnarvon,-24.8667,113.6333,62.73,60,52,13.51,AU,broken clouds,2022-09-06 18:01:15
174,Parral,26.9333,-105.6667,67.08,74,100,9.66,MX,overcast clouds,2022-09-06 18:01:16
175,Avera,33.194,-82.5271,89.65,48,79,6.58,US,broken clouds,2022-09-06 18:01:16
176,George Town,5.4112,100.3354,82.33,86,20,2.3,MY,few clouds,2022-09-06 18:01:16
177,Sol-Iletsk,51.1631,54.9918,50.11,63,89,14.99,RU,overcast clouds,2022-09-06 18:01:17
178,Dingle,10.9995,122.6711,74.73,93,100,3.51,PH,moderate rain,2022-09-06 18:01:17
179,Katsuura,35.1333,140.3,80.87,85,7,12.39,JP,clear sky,2022-09-06 18:01:17
180,Leningradskiy,69.3833,178.4167,34.56,88,100,5.17,RU,overcast clouds,2022-09-06 18:01:18
181,Rio Gallegos,-51.6226,-69.2181,41.47,37,71,21.65,AR,broken clouds,2022-09-06 18:01:18
182,Kahului,20.8947,-156.47,81.84,79,93,4.0,US,overcast clouds,2022-09-06 17:59:40
183,Verkhnyaya Inta,65.9811,60.3094,41.85,96,100,6.35,RU,light rain,2022-09-06 18:01:18
184,Parlakimidi,18.7667,84.0833,79.41,92,49,0.31,IN,scattered clouds,2022-09-06 18:01:19
185,Lufilufi,-13.8745,-171.5986,80.17,72,6,20.92,WS,clear sky,2022-09-06 18:01:19
186,San Jeronimo,-11.9472,-75.2829,65.77,26,10,2.77,PE,clear sky,2022-09-06 18:01:19
187,Darfield,53.5339,-1.376,68.59,72,95,10.25,GB,overcast clouds,2022-09-06 18:01:19
188,Hay River,60.8156,-115.7999,55.38,62,40,18.41,CA,scattered clouds,2022-09-06 17:59:12
189,Poum,-20.2333,164.0167,70.59,84,100,20.76,NC,overcast clouds,2022-09-06 18:01:20
190,Bintulu,3.1667,113.0333,74.91,84,100,0.94,MY,overcast clouds,2022-09-06 18:01:20
191,Ukiah,39.1502,-123.2078,107.65,17,2,1.1,US,clear sky,2022-09-06 18:00:09
192,Mount Gambier,-37.8333,140.7667,42.67,90,61,6.4,AU,broken clouds,2022-09-06 18:01:20
193,Saldanha,-33.0117,17.9442,55.02,79,2,19.22,ZA,clear sky,2022-09-06 18:01:21
194,Szydlowiec,51.2282,20.8611,60.53,39,91,7.05,PL,overcast clouds,2022-09-06 17:56:36
195,Loviisa,60.4566,26.2251,54.28,61,100,8.3,FI,light rain,2022-09-06 18:01:21
196,Razole,16.4833,81.8333,79.83,89,30,3.42,IN,scattered clouds,2022-09-06 18:01:21
197,Fortuna,40.5982,-124.1573,72.52,64,40,4.61,US,scattered clouds,2022-09-06 18:01:22
198,Prince Rupert,54.3161,-130.3201,53.69,94,100,11.5,CA,light rain,2022-09-06 18:00:09
199,Esna,25.2934,32.554,90.0,21,0,9.66,EG,clear sky,2022-09-06 18:01:22
200,Mayumba,-3.432,10.6554,75.42,83,59,7.0,GA,broken clouds,2022-09-06 18:01:22
201,Vila,42.0304,-8.1588,59.7,70,85,8.08,PT,light rain,2022-09-06 18:01:23
202,Boueni,-12.9025,45.0761,75.18,74,18,6.93,YT,few clouds,2022-09-06 18:01:23
203,East London,-33.0153,27.9116,61.43,70,0,6.85,ZA,clear sky,2022-09-06 18:00:13
204,Beloha,-25.1667,45.05,66.15,80,0,5.73,MG,clear sky,2022-09-06 18:01:23
205,Dongli,23.5656,116.8194,78.84,77,95,11.07,CN,overcast clouds,2022-09-06 18:01:24
206,Myaundzha,63.0494,147.1858,36.21,89,13,5.73,RU,few clouds,2022-09-06 18:01:24
207,Marrakesh,31.6315,-8.0083,89.67,29,20,4.61,MA,few clouds,2022-09-06 17:58:28
208,Aklavik,68.2191,-135.0107,40.37,73,33,1.07,CA,scattered clouds,2022-09-06 18:01:24
209,Edd,13.9297,41.6925,91.51,63,91,6.89,ER,overcast clouds,2022-09-06 18:01:25
210,Kruisfontein,-34.0033,24.7314,52.88,87,5,3.33,ZA,clear sky,2022-09-06 18:01:25
211,Necochea,-38.5473,-58.7368,68.79,37,78,17.09,AR,broken clouds,2022-09-06 18:01:25
212,Bambous Virieux,-20.3428,57.7575,71.22,64,63,14.81,MU,broken clouds,2022-09-06 18:01:25
213,Banes,20.9625,-75.7186,88.77,57,16,11.43,CU,few clouds,2022-09-06 18:01:26
214,Lyubar,49.9204,27.7592,47.61,51,53,6.55,UA,broken clouds,2022-09-06 18:01:26
215,Ust-Kuyga,70.0167,135.6,46.06,53,84,3.47,RU,broken clouds,2022-09-06 18:01:26
216,Tual,-5.6667,132.75,80.35,80,98,8.7,ID,overcast clouds,2022-09-06 18:01:27
217,Faanui,-16.4833,-151.75,78.24,76,22,19.04,PF,light rain,2022-09-06 18:01:27
218,Khani,41.9563,42.9566,58.57,94,100,1.12,GE,overcast clouds,2022-09-06 18:01:27
219,Kenai,60.5544,-151.2583,53.1,90,50,6.62,US,scattered clouds,2022-09-06 18:01:28
220,Egvekinot,66.3167,-179.1667,28.2,85,100,14.83,RU,overcast clouds,2022-09-06 18:01:28
221,Cayenne,4.9333,-52.3333,87.84,62,88,9.22,GF,overcast clouds,2022-09-06 18:00:06
222,Khudumelapye,-23.8833,24.75,71.13,15,2,8.86,BW,clear sky,2022-09-06 18:01:28
223,Sistranda,63.7256,8.834,53.56,72,45,16.87,NO,scattered clouds,2022-09-06 18:01:29
224,Severo-Kurilsk,50.6789,156.125,53.67,87,100,5.41,RU,overcast clouds,2022-09-06 18:01:29
225,Airai,-8.9266,125.4092,57.81,83,97,1.07,TL,overcast clouds,2022-09-06 18:01:29
226,Ancud,-41.8697,-73.8203,51.22,91,100,24.23,CL,light rain,2022-09-06 18:01:29
227,Oranjemund,-28.55,16.4333,56.8,74,0,16.58,NA,clear sky,2022-09-06 18:01:30
228,Vardo,70.3705,31.1107,42.78,75,40,16.11,NO,scattered clouds,2022-09-06 18:01:30
229,Touros,-5.1989,-35.4608,82.47,61,27,20.58,BR,scattered clouds,2022-09-06 18:01:30
230,Namibe,-15.1961,12.1522,64.31,85,43,3.04,AO,scattered clouds,2022-09-06 18:01:30
231,Eseka,3.65,10.7667,73.02,97,58,2.33,CM,broken clouds,2022-09-06 18:01:31
232,Flinders,-34.5833,150.8552,52.18,90,84,1.99,AU,broken clouds,2022-09-06 18:01:31
233,Neringa,55.3719,21.0647,57.58,61,0,8.79,LT,clear sky,2022-09-06 18:01:31
234,Lompoc,34.6391,-120.4579,95.77,46,0,3.0,US,clear sky,2022-09-06 17:59:01
235,Sola,-13.8833,167.55,79.29,79,18,14.2,VU,few clouds,2022-09-06 18:01:32
236,Shakawe,-18.3667,21.85,75.65,14,0,5.99,BW,clear sky,2022-09-06 18:01:32
237,Marathon,44.9,-89.7668,72.64,63,40,3.44,US,scattered clouds,2022-09-06 18:01:32
238,Alakurtti,66.9672,30.3491,38.98,90,73,7.2,RU,broken clouds,2022-09-06 18:01:32
239,Beruwala,6.4788,79.9828,78.51,87,100,11.61,LK,overcast clouds,2022-09-06 18:01:33
240,Cam Ranh,11.9214,109.1591,76.96,83,75,6.91,VN,broken clouds,2022-09-06 18:01:33
241,Kattivakkam,13.2167,80.3167,86.09,78,93,10.4,IN,overcast clouds,2022-09-06 18:01:33
242,Souillac,-20.5167,57.5167,69.64,63,58,12.21,MU,broken clouds,2022-09-06 18:01:28
243,Avanigadda,16.0215,80.9181,79.21,89,44,5.55,IN,scattered clouds,2022-09-06 18:01:34
244,Baie-Comeau,49.2168,-68.1489,63.73,52,26,8.16,CA,scattered clouds,2022-09-06 18:00:09
245,Statesboro,32.4488,-81.7832,90.93,55,40,12.66,US,scattered clouds,2022-09-06 17:58:10
246,Iqaluit,63.7506,-68.5145,41.7,81,99,8.99,CA,overcast clouds,2022-09-06 18:01:34
247,Tacuarembo,-31.7333,-55.9833,70.25,59,86,6.04,UY,overcast clouds,2022-09-06 18:01:27
248,Veraval,20.9,70.3667,79.9,78,4,9.33,IN,clear sky,2022-09-06 18:01:34
249,Charlestown,-32.95,151.6667,51.69,95,42,2.95,AU,scattered clouds,2022-09-06 18:00:34
250,Guerrero Negro,27.9769,-114.0611,82.15,68,35,6.4,MX,scattered clouds,2022-09-06 18:01:35
251,Victoria,22.2855,114.1577,86.38,77,97,10.0,HK,overcast clouds,2022-09-06 18:00:02
252,Port Elizabeth,-33.918,25.5701,56.32,85,0,1.99,ZA,clear sky,2022-09-06 18:01:35
253,Finschhafen,-6.6024,147.8681,78.15,76,83,6.06,PG,broken clouds,2022-09-06 18:01:35
254,Seoul,37.5683,126.9778,71.04,89,0,1.48,KR,clear sky,2022-09-06 18:00:25
255,San Quintin,30.4833,-115.95,80.56,65,0,8.7,MX,clear sky,2022-09-06 18:01:36
256,Sakakah,29.9697,40.2064,94.78,18,0,9.4,SA,light rain,2022-09-06 18:01:36
257,Christiana,-27.914,25.1611,59.54,15,0,9.55,ZA,clear sky,2022-09-06 18:01:36
258,Kozhva,65.1073,57.0459,42.98,95,100,3.58,RU,light rain,2022-09-06 18:01:38
259,Montanha,-18.1269,-40.3633,79.43,34,39,16.53,BR,scattered clouds,2022-09-06 18:01:38
260,Angoche,-16.2325,39.9086,74.98,76,0,12.84,MZ,clear sky,2022-09-06 18:01:38
261,Ikalamavony,-21.15,46.5833,61.9,72,0,6.46,MG,clear sky,2022-09-06 18:01:38
262,Tromso,69.6496,18.957,46.42,76,75,5.75,NO,broken clouds,2022-09-06 17:59:56
263,Kununurra,-15.7667,128.7333,69.78,78,7,5.75,AU,clear sky,2022-09-06 17:57:44
264,Bonavista,48.6499,-53.1147,58.24,80,100,13.29,CA,overcast clouds,2022-09-06 18:01:39
265,Visaginas,55.6,26.4167,46.35,73,15,6.06,LT,few clouds,2022-09-06 18:01:39
266,Chernyshevskiy,63.0128,112.4714,37.33,97,99,5.91,RU,overcast clouds,2022-09-06 17:57:07
267,Bathsheba,13.2167,-59.5167,84.56,67,95,12.08,BB,overcast clouds,2022-09-06 18:01:39
268,Farafangana,-22.8167,47.8333,68.94,79,11,8.9,MG,few clouds,2022-09-06 18:01:40
269,Nome,64.5011,-165.4064,46.17,99,100,6.42,US,light rain,2022-09-06 18:01:40
270,West Freehold,40.2421,-74.3013,71.47,94,100,5.99,US,moderate rain,2022-09-06 18:01:31
271,Bogorodskoye,56.55,37.8833,46.63,70,100,9.22,RU,overcast clouds,2022-09-06 18:01:40
272,Cherskiy,68.75,161.3,36.99,76,44,13.33,RU,scattered clouds,2022-09-06 18:01:41
273,Batemans Bay,-35.7167,150.1833,54.1,93,82,3.67,AU,broken clouds,2022-09-06 18:01:41
274,Baghdad,33.3406,44.4009,101.01,14,0,7.43,IQ,clear sky,2022-09-06 18:00:03
275,Saint-Leu,-21.15,55.2833,68.32,71,48,1.45,RE,scattered clouds,2022-09-06 18:01:41
276,Clyde River,70.4692,-68.5914,39.58,78,95,5.91,CA,overcast clouds,2022-09-06 18:01:42
277,Yuzhnyy-Kospashskiy,58.9695,57.7548,38.95,89,100,2.95,RU,overcast clouds,2022-09-06 18:01:42
278,Mar Del Plata,-38.0023,-57.5575,71.62,35,0,13.8,AR,clear sky,2022-09-06 17:59:18
279,Omboue,-1.5746,9.2618,76.14,78,50,7.76,GA,scattered clouds,2022-09-06 18:01:42
280,San Patricio,28.017,-97.5169,85.53,79,100,6.33,US,overcast clouds,2022-09-06 18:01:42
281,Aksu,41.1231,80.2644,76.57,21,4,3.04,CN,clear sky,2022-09-06 18:01:43
282,Murgab,37.4966,61.9714,82.74,15,0,8.7,TM,clear sky,2022-09-06 18:01:43
283,Balkanabat,39.5108,54.3671,83.84,34,0,8.86,TM,clear sky,2022-09-06 18:01:43
284,Port Blair,11.6667,92.75,79.59,86,100,22.84,IN,overcast clouds,2022-09-06 18:00:21
285,Esil,51.9556,66.4042,61.86,63,98,6.44,KZ,overcast clouds,2022-09-06 18:01:45
286,Puerto Leguizamo,-0.1934,-74.7819,73.94,86,98,3.31,CO,overcast clouds,2022-09-06 18:01:45
287,Calabozo,8.9242,-67.4293,86.23,60,97,6.08,VE,overcast clouds,2022-09-06 18:01:45
288,Kaeo,-35.1,173.7833,42.33,92,100,4.76,NZ,overcast clouds,2022-09-06 18:01:45
289,Kamenka,51.3223,42.7678,51.67,52,97,8.05,RU,overcast clouds,2022-09-06 18:01:46
290,Provideniya,64.3833,-173.3,45.3,93,97,7.96,RU,light rain,2022-09-06 18:01:46
291,Dwarka,22.2394,68.9678,81.36,69,8,7.27,IN,clear sky,2022-09-06 18:01:46
292,Hofn,64.2539,-15.2082,54.63,78,23,8.01,IS,few clouds,2022-09-06 18:01:47
293,Balsta,59.5671,17.5278,63.07,69,17,6.8,SE,few clouds,2022-09-06 18:01:47
294,San Pedro,14.35,121.0167,78.35,95,100,4.81,PH,overcast clouds,2022-09-06 18:01:47
295,Novyy Svit,47.8059,38.0211,54.3,48,69,9.4,UA,broken clouds,2022-09-06 18:01:47
296,Nemuro,43.3236,145.575,67.59,89,63,28.5,JP,broken clouds,2022-09-06 18:01:48
297,Sawtell,-30.3833,153.1,50.18,93,33,0.0,AU,mist,2022-09-06 18:01:48
298,Wanning,18.8003,110.3967,80.11,78,78,0.92,CN,broken clouds,2022-09-06 18:01:48
299,Shingu,33.7333,135.9833,79.32,93,78,2.8,JP,broken clouds,2022-09-06 18:01:49
300,Yerbogachen,61.2767,108.0108,37.08,97,70,5.41,RU,broken clouds,2022-09-06 18:01:49
301,Winslow,35.0242,-110.6974,87.98,25,0,5.75,US,clear sky,2022-09-06 18:01:49
302,Longyearbyen,78.2186,15.6401,40.84,87,75,6.91,SJ,broken clouds,2022-09-06 18:01:49
303,Bonfim,3.0833,-59.95,89.37,55,93,4.07,BR,overcast clouds,2022-09-06 18:01:50
304,Vaitape,-16.5167,-151.75,78.24,76,22,19.24,PF,light rain,2022-09-06 17:56:59
305,Basco,20.4487,121.9702,84.02,81,100,9.6,PH,moderate rain,2022-09-06 18:01:50
306,Flin Flon,54.7682,-101.865,66.81,34,1,17.56,CA,clear sky,2022-09-06 18:01:50
307,Mount Isa,-20.7333,139.5,53.37,66,0,0.0,AU,clear sky,2022-09-06 18:01:20
308,Codrington,-38.2667,141.9667,43.72,92,57,9.8,AU,broken clouds,2022-09-06 18:01:51
309,Haines Junction,60.7522,-137.5108,48.56,65,17,1.21,CA,few clouds,2022-09-06 18:01:51
310,Vigrestad,58.5667,5.7,67.68,62,100,17.13,NO,overcast clouds,2022-09-06 18:01:51
311,Kikwit,-5.041,18.8162,82.2,56,53,2.46,CD,broken clouds,2022-09-06 18:01:52
312,Acari,-15.4311,-74.6158,76.46,43,38,10.63,PE,scattered clouds,2022-09-06 18:01:52
313,Nago,26.5881,127.9761,79.23,83,100,8.3,JP,overcast clouds,2022-09-06 18:01:52
314,Muriwai Beach,-36.8167,174.45,41.2,66,71,4.16,NZ,broken clouds,2022-09-06 18:01:52
315,Kamaishi,39.2667,141.8833,73.31,96,100,7.9,JP,overcast clouds,2022-09-06 18:01:53
316,Pangnirtung,66.1451,-65.7125,41.0,87,75,16.11,CA,broken clouds,2022-09-06 18:01:53
317,Camacari,-12.6975,-38.3242,78.51,54,0,10.27,BR,clear sky,2022-09-06 18:00:59
318,Pevek,69.7008,170.3133,33.89,97,100,12.26,RU,overcast clouds,2022-09-06 18:01:53
319,Velez-Malaga,36.7726,-4.1005,86.07,37,2,4.16,ES,clear sky,2022-09-06 18:00:26
320,Batagay-Alyta,67.8006,130.4114,41.76,82,94,6.55,RU,overcast clouds,2022-09-06 18:01:54
321,Lorengau,-2.0226,147.2712,80.24,83,73,6.64,PG,broken clouds,2022-09-06 18:01:54
322,Porto Santo,33.072,-16.3415,77.38,73,40,10.36,PT,scattered clouds,2022-09-06 18:01:54
323,Vila Franca Do Campo,37.7167,-25.4333,77.41,83,100,11.43,PT,overcast clouds,2022-09-06 18:01:55
324,Bermejillo,25.8833,-103.6167,68.04,92,100,4.83,MX,overcast clouds,2022-09-06 18:01:55
325,Nova Olimpia,-14.7972,-57.2881,101.17,16,21,7.47,BR,few clouds,2022-09-06 17:58:33
326,Isangel,-19.55,169.2667,71.73,93,95,5.99,VU,overcast clouds,2022-09-06 18:01:55
327,College,64.8569,-147.8028,48.79,91,69,1.81,US,broken clouds,2022-09-06 18:01:56
328,San Andres,12.5847,-81.7006,86.02,74,40,5.75,CO,scattered clouds,2022-09-06 18:00:00
329,Miri,4.4148,114.0089,76.21,76,98,2.37,MY,overcast clouds,2022-09-06 18:01:56
330,Lagoa,39.05,-27.9833,75.83,80,94,16.69,PT,light rain,2022-09-06 18:01:56
331,Hasaki,35.7333,140.8333,77.4,85,10,12.64,JP,clear sky,2022-09-06 18:01:56
332,Luderitz,-26.6481,15.1594,64.27,52,0,12.93,NA,clear sky,2022-09-06 17:59:39
333,Maceio,-9.6658,-35.7353,76.44,83,75,13.8,BR,broken clouds,2022-09-06 18:00:17
334,Axim,4.8699,-2.2405,77.27,82,33,7.0,GH,scattered clouds,2022-09-06 18:01:57
335,Xichang,27.8964,102.2634,62.53,61,100,1.79,CN,overcast clouds,2022-09-06 18:01:57
336,Yarada,17.65,83.2667,80.92,89,20,2.3,IN,few clouds,2022-09-06 18:01:58
337,Padang,-0.9492,100.3543,77.36,86,93,3.04,ID,overcast clouds,2022-09-06 18:01:58
338,Charcas,23.1333,-101.1167,67.95,62,98,5.77,MX,overcast clouds,2022-09-06 18:01:58
339,Usevya,-7.1,31.2333,79.75,27,24,3.98,TZ,few clouds,2022-09-06 18:01:58
340,Port Keats,-14.25,129.55,73.98,92,19,5.57,AU,few clouds,2022-09-06 18:01:59
341,Muros,42.7762,-9.0603,71.17,81,18,10.36,ES,few clouds,2022-09-06 18:01:59
342,Bharatpur,27.2167,77.4833,89.08,46,46,9.06,IN,scattered clouds,2022-09-06 17:59:21
343,Batagay,67.6333,134.6333,45.63,85,84,4.94,RU,light rain,2022-09-06 18:01:59
344,Lahan,26.7296,86.4951,79.56,89,100,5.5,NP,light rain,2022-09-06 18:02:01
345,Nyanguge,-2.55,33.2,74.03,65,36,6.08,TZ,scattered clouds,2022-09-06 18:02:01
346,Male,4.1748,73.5089,79.03,86,100,12.71,MV,overcast clouds,2022-09-06 18:02:01
347,Diamantino,-14.4086,-56.4461,97.56,19,78,5.66,BR,broken clouds,2022-09-06 18:02:01
348,Yeppoon,-23.1333,150.7333,58.78,82,6,10.27,AU,clear sky,2022-09-06 18:02:02
349,Baykit,61.67,96.37,40.15,96,57,3.04,RU,broken clouds,2022-09-06 18:02:02
350,Imperia,43.9667,7.7833,72.09,86,29,0.89,IT,scattered clouds,2022-09-06 18:02:03
351,Santa Cruz De La Palma,28.6835,-17.7642,77.14,69,40,13.8,ES,scattered clouds,2022-09-06 18:02:03
352,Palasa,18.7667,84.4167,80.62,87,45,4.16,IN,scattered clouds,2022-09-06 18:02:03
353,Te Anau,-45.4167,167.7167,33.04,94,75,1.34,NZ,light snow,2022-09-06 18:02:03
354,Makakilo City,21.3469,-158.0858,80.62,75,75,3.44,US,broken clouds,2022-09-06 18:02:04
355,Sakhnovshchyna,49.1517,35.872,53.73,43,93,9.08,UA,overcast clouds,2022-09-06 18:02:04
356,Maturin,9.75,-63.1767,89.31,59,43,4.94,VE,scattered clouds,2022-09-06 17:57:08
357,Gboko,7.3179,8.9951,75.13,89,100,4.99,NG,light rain,2022-09-06 18:02:04
358,Newport,51.5877,-2.9984,66.31,77,100,15.99,GB,overcast clouds,2022-09-06 18:00:56
359,La Ronge,55.1001,-105.2842,64.09,42,2,15.32,CA,clear sky,2022-09-06 18:00:45
360,Eirunepe,-6.6603,-69.8736,100.11,19,29,2.48,BR,scattered clouds,2022-09-06 18:02:05
361,Mehamn,71.0357,27.8492,42.75,87,75,0.0,NO,light intensity drizzle,2022-09-06 18:02:05
362,Northam,51.0333,-4.2167,59.4,90,87,16.51,GB,overcast clouds,2022-09-06 18:02:06
363,Sanok,49.5557,22.2056,61.27,100,85,5.41,PL,overcast clouds,2022-09-06 18:02:06
364,Biak,-0.9131,122.8766,74.43,88,100,0.89,ID,overcast clouds,2022-09-06 18:02:06
365,Ambilobe,-13.2,49.05,71.33,69,10,5.1,MG,clear sky,2022-09-06 18:02:07
366,Albanel,48.8832,-72.4487,69.93,44,14,2.51,CA,few clouds,2022-09-06 18:02:07
367,Moyale,3.5167,39.0584,75.83,46,92,7.65,KE,overcast clouds,2022-09-06 18:02:07
368,Bengkulu,-3.8004,102.2655,75.06,91,100,3.02,ID,overcast clouds,2022-09-06 18:02:08
369,Bandundu,-3.3167,17.3667,79.02,72,74,8.3,CD,light rain,2022-09-06 18:02:08
370,Bambanglipuro,-7.95,110.2833,76.06,89,83,6.24,ID,broken clouds,2022-09-06 18:02:08
371,Tessalit,20.1986,1.0114,102.49,12,7,4.9,ML,clear sky,2022-09-06 18:02:08
372,Marzuq,14.4,46.4667,85.64,49,61,7.49,YE,broken clouds,2022-09-06 18:02:09
373,Beatrice,40.2681,-96.747,87.89,48,0,11.5,US,clear sky,2022-09-06 18:02:09
374,Livermore,37.6819,-121.768,105.26,19,0,5.01,US,clear sky,2022-09-06 18:00:04
375,San Cristobal,7.7669,-72.225,83.23,44,80,7.76,VE,broken clouds,2022-09-06 18:02:09
376,Yining,29.0361,114.5636,71.51,49,37,1.57,CN,scattered clouds,2022-09-06 18:02:10
377,Cheyenne,41.14,-104.8203,89.78,18,6,11.01,US,clear sky,2022-09-06 18:02:10
378,San Ignacio,17.1561,-89.0714,92.8,45,20,4.47,BZ,few clouds,2022-09-06 18:00:05
379,Las Vegas,36.175,-115.1372,104.81,17,0,1.99,US,clear sky,2022-09-06 18:00:08
380,Suoyarvi,62.0833,32.35,45.03,94,100,7.45,RU,overcast clouds,2022-09-06 18:02:10
381,Sao Miguel Do Araguaia,-13.275,-50.1628,99.59,13,61,5.84,BR,broken clouds,2022-09-06 18:00:31
382,Suez,29.9737,32.5263,80.65,65,0,15.66,EG,clear sky,2022-09-06 18:02:11
383,Yar-Sale,66.8333,70.8333,36.93,87,100,3.62,RU,overcast clouds,2022-09-06 18:02:11
384,Cabedelo,-6.9811,-34.8339,78.76,72,14,19.55,BR,few clouds,2022-09-06 18:02:12
385,Bandarbeyla,9.4942,50.8122,76.37,83,74,33.69,SO,broken clouds,2022-09-06 18:02:12
386,Hanzhong,33.0728,107.0303,66.87,78,83,1.61,CN,broken clouds,2022-09-06 18:02:12
387,Algiers,36.7525,3.042,89.42,31,75,9.22,DZ,broken clouds,2022-09-06 17:58:02
388,Bahia Honda,22.9036,-83.1592,88.72,61,14,7.23,CU,few clouds,2022-09-06 18:02:13
389,Okha,53.5739,142.9478,54.52,98,100,21.99,RU,moderate rain,2022-09-06 18:02:13
390,Tizimin,21.15,-88.15,95.2,40,11,4.16,MX,few clouds,2022-09-06 18:02:13
391,Camaqua,-30.8511,-51.8122,69.91,65,76,7.07,BR,broken clouds,2022-09-06 18:02:13
392,Muisne,0.6,-80.0333,77.79,77,80,9.37,EC,broken clouds,2022-09-06 18:02:14
393,Christchurch,-43.5333,172.6333,35.47,85,1,1.14,NZ,clear sky,2022-09-06 18:01:25
394,San Jose De Guanipa,8.8872,-64.1651,86.56,59,58,6.08,VE,broken clouds,2022-09-06 18:02:14
395,Lapeer,43.0514,-83.3188,76.48,38,75,4.61,US,broken clouds,2022-09-06 17:57:29
396,Kranjska Gora,46.4839,13.7894,66.4,88,69,3.98,SI,broken clouds,2022-09-06 18:02:15
397,Calama,-22.4667,-68.9333,73.76,3,0,16.44,CL,clear sky,2022-09-06 18:02:15
398,Slobidka,47.8869,29.3461,55.74,37,74,8.03,UA,broken clouds,2022-09-06 18:02:15
399,Palomares,17.15,-95.0667,85.68,70,83,4.83,MX,broken clouds,2022-09-06 18:02:15
400,Asau,46.4333,26.4,63.52,66,92,2.01,RO,light rain,2022-09-06 18:02:16
401,Kudahuvadhoo,2.6708,72.8944,79.61,81,100,20.02,MV,overcast clouds,2022-09-06 18:02:16
402,Kirakira,-10.4544,161.9205,78.17,82,3,7.58,SB,clear sky,2022-09-06 18:02:16
403,Zyryanka,65.75,150.85,43.43,58,25,9.42,RU,scattered clouds,2022-09-06 18:02:17
404,Ola,59.5833,151.2833,44.55,83,61,1.54,RU,broken clouds,2022-09-06 18:02:17
405,Vilhena,-12.7406,-60.1458,96.13,19,22,3.89,BR,few clouds,2022-09-06 18:00:11
406,Itarare,-24.1125,-49.3317,59.05,89,100,7.45,BR,heavy intensity rain,2022-09-06 18:02:17
407,Ballina,-28.8667,153.5667,51.01,99,48,6.04,AU,scattered clouds,2022-09-06 18:02:18
408,Lakes Entrance,-37.8811,147.981,41.16,92,100,3.76,AU,overcast clouds,2022-09-06 18:02:18
409,Goure,13.9835,10.2704,90.77,39,10,8.81,NE,clear sky,2022-09-06 18:02:18
410,Le Havre,49.4938,0.1077,67.12,82,86,9.22,FR,overcast clouds,2022-09-06 17:59:16
411,Whitianga,-36.8333,175.7,43.52,69,80,3.62,NZ,broken clouds,2022-09-06 17:59:21
412,Broken Hill,-31.95,141.4333,57.07,45,100,13.44,AU,overcast clouds,2022-09-06 18:02:19
413,Kermanshah,34.3142,47.065,81.5,12,0,9.22,IR,clear sky,2022-09-06 18:02:19
414,Gaoual,11.75,-13.2,82.9,90,64,2.89,GN,light rain,2022-09-06 18:02:19
415,Alice Springs,-23.7,133.8833,51.35,93,81,3.44,AU,broken clouds,2022-09-06 18:02:20
416,Alyangula,-13.8483,136.4192,58.87,94,27,0.0,AU,fog,2022-09-06 18:02:20
417,Kupang,-10.1667,123.5833,75.06,80,98,4.79,ID,overcast clouds,2022-09-06 18:02:20
418,Vila Velha,-20.3297,-40.2925,73.94,64,70,3.0,BR,broken clouds,2022-09-06 18:00:21
419,Inuvik,68.3499,-133.7218,38.16,100,75,9.22,CA,broken clouds,2022-09-06 18:02:21
420,Kenora,49.8167,-94.4337,79.11,43,16,8.57,CA,few clouds,2022-09-06 18:00:12
421,Vestmannaeyjar,63.4427,-20.2734,58.19,77,0,11.5,IS,clear sky,2022-09-06 18:02:21
422,Qasigiannguit,68.8193,-51.1922,41.25,78,90,3.67,GL,overcast clouds,2022-09-06 18:02:21
423,Khandbari,27.3747,87.2039,71.94,91,91,0.83,NP,overcast clouds,2022-09-06 18:02:22
424,Olafsvik,64.8945,-23.7142,51.33,86,25,9.28,IS,scattered clouds,2022-09-06 18:02:22
425,Uberaba,-19.7483,-47.9319,84.4,30,91,6.78,BR,overcast clouds,2022-09-06 18:02:22
426,Scottsboro,34.6723,-86.0341,87.51,74,40,4.61,US,scattered clouds,2022-09-06 18:02:23
427,Dongsheng,39.8161,109.9776,58.26,29,0,2.66,CN,clear sky,2022-09-06 18:02:23
428,Karatuzskoye,53.6072,92.8667,55.42,81,25,2.26,RU,scattered clouds,2022-09-06 18:02:24
429,Freeport,40.6576,-73.5832,73.02,83,100,8.99,US,moderate rain,2022-09-06 18:02:24
430,Moindou,-21.6924,165.677,65.57,86,100,8.57,NC,overcast clouds,2022-09-06 18:02:24
431,Grand Gaube,-20.0064,57.6608,71.38,64,30,8.01,MU,scattered clouds,2022-09-06 18:02:24
432,Zitacuaro,19.4372,-100.358,71.73,73,86,6.51,MX,overcast clouds,2022-09-06 18:02:25
433,Rawson,-43.3002,-65.1023,73.38,14,100,15.26,AR,overcast clouds,2022-09-06 18:00:59
434,Namatanai,-3.6667,152.4333,78.84,81,60,5.59,PG,broken clouds,2022-09-06 18:02:25
435,Trairi,-3.2778,-39.2689,85.37,58,32,16.84,BR,scattered clouds,2022-09-06 17:59:54
436,Dingzhou,38.5131,114.9956,64.09,35,0,6.76,CN,clear sky,2022-09-06 18:02:25
437,Akdagmadeni,39.6603,35.8836,46.47,90,42,6.22,TR,scattered clouds,2022-09-06 18:02:26
438,Kisangani,0.5167,25.2,76.26,81,81,2.3,CD,broken clouds,2022-09-06 18:02:26
439,Warri,5.5167,5.75,77.18,83,99,6.69,NG,overcast clouds,2022-09-06 18:02:26
440,Freetown,8.484,-13.2299,76.42,92,100,5.93,SL,heavy intensity rain,2022-09-06 18:02:26
441,Mbaiki,3.8678,17.9892,76.33,80,97,2.37,CF,overcast clouds,2022-09-06 18:02:27
442,Chelmno,53.3485,18.4251,61.45,47,39,1.01,PL,scattered clouds,2022-09-06 18:02:20
443,Aloleng,16.1307,119.7824,81.09,82,100,5.26,PH,overcast clouds,2022-09-06 18:02:27
444,Geilo,60.5333,8.2076,52.7,64,31,3.58,NO,scattered clouds,2022-09-06 18:02:27
445,Dorogobuzh,54.915,33.2972,45.48,62,82,6.64,RU,broken clouds,2022-09-06 18:02:28
446,Tabou,4.423,-7.3528,76.48,87,92,10.29,CI,light rain,2022-09-06 18:02:28
447,Mandalgovi,45.7625,106.2708,58.03,47,2,3.02,MN,clear sky,2022-09-06 18:02:28
448,Coahuayana,18.7333,-103.6833,90.57,52,94,4.47,MX,overcast clouds,2022-09-06 18:02:29
449,Karlshamn,56.1706,14.8619,59.49,73,23,6.24,SE,few clouds,2022-09-06 18:02:29
450,Tooele,40.5308,-112.2983,95.09,22,0,5.75,US,clear sky,2022-09-06 18:01:09
451,Russell,32.3502,-85.1999,88.97,66,20,5.75,US,few clouds,2022-09-06 18:02:29
452,Floro,61.5996,5.0328,62.67,67,0,9.22,NO,clear sky,2022-09-06 18:02:30
453,Hamilton,39.1834,-84.5333,76.59,92,75,9.22,US,broken clouds,2022-09-06 18:01:58
454,Richards Bay,-28.783,32.0377,66.27,63,74,6.93,ZA,broken clouds,2022-09-06 18:02:30
455,Carauari,-4.8828,-66.8958,99.55,25,6,0.94,BR,clear sky,2022-09-06 18:02:30
456,Sorland,67.667,12.6934,51.15,82,100,15.99,NO,overcast clouds,2022-09-06 18:02:31
457,Aranos,-24.1333,19.1167,66.24,12,0,10.96,NA,clear sky,2022-09-06 18:02:31
458,Tripoli,32.8752,13.1875,83.21,64,0,18.79,LY,clear sky,2022-09-06 18:00:14
459,Half Moon Bay,37.4636,-122.4286,104.45,46,0,0.0,US,clear sky,2022-09-06 18:00:05
460,Tiksi,71.6872,128.8694,40.82,69,94,3.4,RU,overcast clouds,2022-09-06 18:02:31
461,Mangan,27.5167,88.5333,74.71,88,82,1.99,IN,broken clouds,2022-09-06 18:02:31
462,Palang,23.2167,90.35,82.4,85,98,5.32,BD,overcast clouds,2022-09-06 18:02:32
463,Zwedru,6.0667,-8.1281,73.62,96,100,4.27,LR,moderate rain,2022-09-06 18:02:32
464,Grand-Santi,4.25,-54.3833,95.18,31,97,5.61,GF,overcast clouds,2022-09-06 18:02:32
465,Belmonte,-15.8631,-38.8828,73.53,71,77,15.95,BR,broken clouds,2022-09-06 18:02:33
466,Pamanukan,-6.2842,107.8106,77.56,84,9,5.26,ID,clear sky,2022-09-06 18:02:33
467,Mangrol,21.1167,70.1167,80.2,77,2,8.08,IN,clear sky,2022-09-06 18:02:33
468,Kemin,42.7846,75.6892,69.67,22,2,4.94,KG,clear sky,2022-09-06 18:02:33
469,Coutances,49.05,-1.4333,66.24,70,69,16.55,FR,broken clouds,2022-09-06 18:02:34
470,Baoying,33.2292,119.3092,70.97,71,0,6.58,CN,clear sky,2022-09-06 18:02:34
471,Latung,5.5,120.8833,80.82,78,100,6.46,PH,overcast clouds,2022-09-06 18:02:34
472,Hualmay,-11.0964,-77.6139,67.23,65,28,10.45,PE,scattered clouds,2022-09-06 18:02:35
473,Sremska Mitrovica,44.9764,19.6122,72.91,66,7,7.49,RS,clear sky,2022-09-06 18:02:35
474,Emerald,-23.5333,148.1667,55.35,88,67,17.07,AU,broken clouds,2022-09-06 18:02:35
475,Nandu,22.8525,110.8233,77.54,68,88,1.86,CN,overcast clouds,2022-09-06 18:02:35
476,Burgeo,47.6167,-57.6152,60.62,81,100,7.36,CA,overcast clouds,2022-09-06 18:00:36
477,Acambay,19.9558,-99.8417,64.38,70,95,3.09,MX,overcast clouds,2022-09-06 18:02:36
478,Merrill,45.1805,-89.6835,73.17,60,0,0.0,US,clear sky,2022-09-06 18:02:36
479,Rocha,-34.4833,-54.3333,65.53,68,30,11.88,UY,scattered clouds,2022-09-06 18:02:36
480,Alofi,-19.0595,-169.9187,76.37,77,6,12.19,NU,clear sky,2022-09-06 18:02:37
481,Talcahuano,-36.7167,-73.1167,53.35,67,0,7.92,CL,clear sky,2022-09-06 18:02:17
482,Sabang,5.8933,95.3214,82.47,72,100,19.15,ID,moderate rain,2022-09-06 18:02:37
483,Beyneu,45.3167,55.2,62.67,37,74,11.21,KZ,broken clouds,2022-09-06 18:02:37
484,Garowe,8.4054,48.4845,86.27,37,80,25.01,SO,broken clouds,2022-09-06 18:02:37
485,Palmer,42.1584,-72.3287,65.14,88,100,6.91,US,moderate rain,2022-09-06 18:02:38
486,Polunochnoye,60.8697,60.4153,41.49,83,100,3.27,RU,overcast clouds,2022-09-06 18:02:38
487,Berdigestyakh,62.0989,126.6992,41.5,99,100,3.62,RU,overcast clouds,2022-09-06 17:58:42
488,Iwanai,42.9744,140.5089,69.31,88,93,9.46,JP,overcast clouds,2022-09-06 18:02:38
489,Saryozek,44.3583,77.9753,67.6,22,0,2.77,KZ,clear sky,2022-09-06 18:02:39
490,Ugoofaaru,5.6667,73.0,80.19,80,96,16.11,MV,overcast clouds,2022-09-06 18:02:39
491,Vostok,46.4856,135.8833,53.91,98,100,10.45,RU,overcast clouds,2022-09-06 18:02:39
492,Chandbali,20.7833,86.7667,83.01,82,87,6.33,IN,overcast clouds,2022-09-06 18:02:39
493,Emborion,40.4833,21.55,67.3,75,48,3.47,GR,scattered clouds,2022-09-06 18:02:40
494,Sungaipenuh,-2.0833,101.3833,62.71,94,100,2.1,ID,heavy intensity rain,2022-09-06 18:02:40
495,Korla,41.7597,86.1469,78.06,17,1,5.21,CN,clear sky,2022-09-06 18:02:40
496,Chlumec Nad Cidlinou,50.1544,15.4603,73.51,73,99,6.26,CZ,light rain,2022-09-06 18:02:40
497,Liberty,31.8335,-81.5004,90.27,49,79,3.0,US,broken clouds,2022-09-06 17:58:40
498,Trelew,-43.249,-65.3051,77.56,8,100,16.08,AR,overcast clouds,2022-09-06 18:00:53
499,Naze,28.3667,129.4833,75.25,75,100,9.95,JP,overcast clouds,2022-09-06 18:02:41
500,Pisco,-13.7,-76.2167,63.01,78,22,9.13,PE,few clouds,2022-09-06 18:02:41
501,Bandarban,22.1965,92.2262,77.2,98,99,1.66,BD,overcast clouds,2022-09-06 18:02:41
502,Ayagoz,47.9714,80.4392,71.04,19,50,5.44,KZ,scattered clouds,2022-09-06 18:02:42
503,Svetlaya,46.5389,138.3297,67.1,81,100,15.52,RU,overcast clouds,2022-09-06 18:02:42
504,Chifeng,42.2683,118.9636,55.45,54,37,6.51,CN,scattered clouds,2022-09-06 18:00:23
505,Kuytun,54.3419,101.5036,49.1,92,100,1.97,RU,overcast clouds,2022-09-06 18:02:42
506,Alibag,18.6411,72.8792,84.27,81,93,8.43,IN,light rain,2022-09-06 18:02:43
507,Omsukchan,62.5333,155.8,36.36,73,0,7.99,RU,clear sky,2022-09-06 18:02:43
508,Tabalosos,-6.35,-76.6833,79.59,47,72,3.67,PE,broken clouds,2022-09-06 18:02:43
509,Oistins,13.0667,-59.5333,86.09,79,40,5.75,BB,scattered clouds,2022-09-06 17:59:49
510,Talaya,61.3833,152.75,38.34,79,0,6.6,RU,clear sky,2022-09-06 18:02:43
511,Kearney,40.6995,-99.0815,88.36,42,0,0.0,US,clear sky,2022-09-06 18:02:44
512,Megion,61.0296,76.1136,46.42,72,100,1.28,RU,overcast clouds,2022-09-06 18:02:44
513,Kushiro,42.975,144.3747,69.33,89,96,24.76,JP,overcast clouds,2022-09-06 18:02:44
514,Iralaya,15.0,-83.2333,85.06,68,78,7.14,HN,broken clouds,2022-09-06 18:02:45
515,Cody,44.5263,-109.0565,85.59,20,0,9.22,US,clear sky,2022-09-06 18:02:45
516,Carmelo,-33.9892,-58.2856,70.68,48,0,9.89,UY,clear sky,2022-09-06 18:02:45
517,Beringovskiy,63.05,179.3167,43.12,91,100,19.55,RU,light rain,2022-09-06 18:02:45
518,Makaha,21.4694,-158.2175,81.99,73,75,3.44,US,broken clouds,2022-09-06 18:02:46
519,Launceston,-41.45,147.1667,45.16,88,100,0.0,AU,overcast clouds,2022-09-06 18:02:46
520,Roebourne,-20.7833,117.1333,67.73,37,0,9.66,AU,clear sky,2022-09-06 18:02:46
521,Kelo,9.3086,15.8066,75.58,86,89,1.25,TD,light rain,2022-09-06 18:02:47
522,Utica,43.1009,-75.2327,71.65,90,100,11.21,US,overcast clouds,2022-09-06 18:02:47
523,Port Lincoln,-34.7333,135.8667,56.86,73,95,11.74,AU,overcast clouds,2022-09-06 18:01:01
524,Marawi,7.9986,124.2928,67.91,93,96,1.97,PH,overcast clouds,2022-09-06 18:02:47
525,Teknaf,20.8624,92.3058,80.85,84,77,2.13,BD,broken clouds,2022-09-06 18:02:47
526,Akom,2.6678,12.7109,71.53,88,83,0.51,CM,light rain,2022-09-06 18:02:48
527,Vanimo,-2.6741,141.3028,77.14,86,59,2.95,PG,broken clouds,2022-09-06 18:02:48
528,Santana Do Acarau,-3.4606,-40.2122,98.2,25,45,11.63,BR,scattered clouds,2022-09-06 18:02:48
529,Newry,54.1784,-6.3374,61.11,92,87,8.81,GB,overcast clouds,2022-09-06 18:02:49
530,Singarayakonda,15.25,80.0333,84.67,76,89,12.68,IN,overcast clouds,2022-09-06 18:02:49
531,Bakchar,57.0186,82.0711,48.6,98,95,4.52,RU,overcast clouds,2022-09-06 18:02:49
532,Tagusao,9.1924,117.8141,76.98,85,100,3.24,PH,overcast clouds,2022-09-06 18:02:49
533,Mezhdurechenskiy,59.6,65.9333,44.96,70,100,2.73,RU,overcast clouds,2022-09-06 18:02:50
534,Kasongo-Lunda,-6.4667,16.8167,81.77,57,64,1.63,CD,light rain,2022-09-06 18:02:50
535,Sorong,-0.8833,131.25,78.91,78,96,2.1,ID,overcast clouds,2022-09-06 18:02:50
536,West Wendover,40.7391,-114.0733,88.81,14,0,6.91,US,clear sky,2022-09-06 18:02:50
537,Itoman,26.1247,127.6694,80.62,83,75,8.05,JP,broken clouds,2022-09-06 18:02:51
538,Gossaigaon,26.4481,89.989,76.86,95,100,6.31,IN,overcast clouds,2022-09-06 18:02:51
539,Taunsa,30.7048,70.6505,93.2,43,0,9.46,PK,clear sky,2022-09-06 18:02:51
540,Kholm-Zhirkovskiy,55.5189,33.4731,47.46,59,87,10.42,RU,overcast clouds,2022-09-06 18:02:52
541,Hvolsvollur,63.7533,-20.2243,57.87,77,100,6.06,IS,overcast clouds,2022-09-06 18:02:52
542,Raton,36.9034,-104.4391,86.61,12,0,16.11,US,clear sky,2022-09-06 18:02:52
543,Gioia Tauro,38.424,15.899,80.56,61,0,1.5,IT,clear sky,2022-09-06 18:02:52
544,Hemet,33.7475,-116.972,105.3,23,0,4.0,US,clear sky,2022-09-06 18:02:53
545,Manzanillo,20.3433,-77.1167,90.77,54,49,4.68,CU,scattered clouds,2022-09-06 18:02:53
546,Pittsfield,42.4501,-73.2454,64.29,85,100,4.61,US,moderate rain,2022-09-06 18:02:53
547,Riyadh,24.6877,46.7219,96.1,10,1,5.3,SA,clear sky,2022-09-06 18:02:53
548,Brae,60.3964,-1.353,58.21,88,97,19.37,GB,overcast clouds,2022-09-06 18:02:54
549,Juneau,58.3019,-134.4197,52.21,98,100,4.52,US,overcast clouds,2022-09-06 17:58:48
550,Olavarria,-36.8927,-60.3225,71.02,31,35,16.67,AR,scattered clouds,2022-09-06 18:02:54
551,Opuwo,-18.0607,13.84,79.12,14,0,7.81,NA,clear sky,2022-09-06 18:02:54
552,Langxiang,46.95,128.8833,46.33,95,96,15.68,CN,overcast clouds,2022-09-06 18:02:55
553,Salmas,38.1973,44.7653,74.7,24,10,6.53,IR,clear sky,2022-09-06 18:02:55
554,Plettenberg Bay,-34.0527,23.3716,53.01,80,3,3.71,ZA,clear sky,2022-09-06 18:02:55
555,Calbuco,-41.768,-73.1273,54.55,63,100,19.08,CL,light rain,2022-09-06 18:02:55
556,Sal Rei,16.1833,-22.9167,82.58,79,97,8.41,CV,overcast clouds,2022-09-06 18:02:56
557,Chimbote,-9.0853,-78.5783,67.86,67,63,10.6,PE,broken clouds,2022-09-06 18:02:56
558,Palatka,29.6486,-81.6376,94.03,40,51,2.89,US,broken clouds,2022-09-06 18:02:56
559,Shenzhen,22.5455,114.0683,86.27,85,99,7.87,CN,overcast clouds,2022-09-06 18:00:01
560,Saint-Denis,48.9167,2.3333,81.37,44,75,8.05,FR,broken clouds,2022-09-06 18:02:57
561,Mecca,21.4267,39.8261,91.26,49,0,7.76,SA,clear sky,2022-09-06 18:02:08
562,Yabassi,4.457,9.9682,74.21,96,73,2.39,CM,broken clouds,2022-09-06 18:02:57
563,Garden City,42.3256,-83.331,77.49,64,17,1.01,US,few clouds,2022-09-06 18:00:52
564,Tupik,54.4253,119.9327,49.19,97,100,4.85,RU,light rain,2022-09-06 18:02:57
565,Aljezur,37.3191,-8.8033,70.38,65,56,11.34,PT,broken clouds,2022-09-06 18:02:58
566,Kandrian,-6.2167,149.55,77.68,86,93,7.38,PG,overcast clouds,2022-09-06 18:02:58
567,Taoudenni,22.6783,-3.9836,110.23,7,4,12.15,ML,clear sky,2022-09-06 18:02:58
568,Temir,49.1414,57.13,52.79,50,40,10.36,KZ,scattered clouds,2022-09-06 18:02:58
569,Manavalakurichi,8.1333,77.3,76.66,89,89,15.21,IN,overcast clouds,2022-09-06 18:02:59
570,Mezen,65.8522,44.24,42.33,90,100,8.72,RU,overcast clouds,2022-09-06 18:02:59
571,Sisimiut,66.9395,-53.6735,40.89,89,100,10.33,GL,overcast clouds,2022-09-06 18:02:59
572,Synya,65.3718,58.0387,41.92,98,100,2.55,RU,light rain,2022-09-06 18:02:59
573,Ambon,-3.6954,128.1814,77.23,15,40,5.75,ID,scattered clouds,2022-09-06 18:03:00
574,Ygatimi,-24.0833,-55.5,65.05,94,96,3.06,PY,overcast clouds,2022-09-06 18:03:00
575,Hachinohe,40.5,141.5,73.65,87,99,9.44,JP,overcast clouds,2022-09-06 18:03:00
576,Sakaiminato,35.55,133.2333,73.17,76,81,1.77,JP,broken clouds,2022-09-06 18:03:01
577,Bani Walid,31.7566,13.9942,84.78,42,0,16.31,LY,clear sky,2022-09-06 18:03:01
578,Jutai,-5.1833,-68.9,98.46,23,33,2.06,BR,scattered clouds,2022-09-06 18:03:01
579,Faya,18.3851,42.4509,70.32,48,95,0.47,SA,overcast clouds,2022-09-06 18:03:02
580,Tocopilla,-22.092,-70.1979,66.38,61,16,7.94,CL,few clouds,2022-09-06 18:03:02
581,Conceicao Do Araguaia,-8.2578,-49.2647,101.91,16,74,5.41,BR,broken clouds,2022-09-06 18:03:02
582,Olinda,-8.0089,-34.8553,78.19,68,29,16.96,BR,scattered clouds,2022-09-06 18:03:02
583,Lahat,-3.8,103.5333,73.45,98,100,2.08,ID,overcast clouds,2022-09-06 18:03:03
584,Luba,3.4568,8.5547,77.52,87,85,9.17,GQ,overcast clouds,2022-09-06 18:03:03
585,Honningsvag,70.9821,25.9704,44.35,76,40,8.05,NO,scattered clouds,2022-09-06 18:03:04
586,Altamira,-3.2033,-52.2064,91.49,58,75,5.75,BR,broken clouds,2022-09-06 17:59:57
587,Jacqueville,5.2052,-4.4146,75.49,90,97,7.38,CI,overcast clouds,2022-09-06 18:03:04
588,Aksarka,66.5606,67.7975,39.67,94,100,6.33,RU,light rain,2022-09-06 18:03:05
589,Kota Belud,6.351,116.4305,77.77,76,100,4.12,MY,overcast clouds,2022-09-06 18:03:05
590,Kungurtug,50.5994,97.5228,52.39,55,84,2.51,RU,broken clouds,2022-09-06 18:03:06
591,Sabha,27.0377,14.4283,92.26,19,0,15.82,LY,clear sky,2022-09-06 18:03:06
592,Portland,45.5234,-122.6762,79.45,52,0,8.05,US,clear sky,2022-09-06 18:01:24
593,Nicoya,10.1483,-85.452,86.23,64,97,1.21,CR,overcast clouds,2022-09-06 18:03:08
594,Anadyr,64.75,177.4833,37.0,93,100,8.01,RU,overcast clouds,2022-09-06 18:01:12
595,Gidole,5.65,37.3667,60.31,70,61,2.62,ET,broken clouds,2022-09-06 18:03:08
596,Hohhot,40.8106,111.6522,57.83,33,0,1.52,CN,clear sky,2022-09-06 18:00:09
597,Cowra,-33.8333,148.6833,41.43,91,32,5.14,AU,scattered clouds,2022-09-06 18:03:08
598,Butembo,0.15,29.2833,58.5,97,53,2.59,CD,moderate rain,2022-09-06 18:00:22
599,Carutapera,-1.195,-46.02,85.21,65,46,9.8,BR,scattered clouds,2022-09-06 18:03:09
600,Nacala,-14.5428,40.6728,73.22,79,11,6.08,MZ,few clouds,2022-09-06 18:03:09
601,Marseille,43.3333,5.5,77.18,68,4,5.01,FR,clear sky,2022-09-06 18:03:09
602,Lasa,46.6166,10.7002,65.01,83,91,1.52,IT,overcast clouds,2022-09-06 18:03:09
603,Westport,41.1415,-73.3579,72.77,92,100,9.22,US,moderate rain,2022-09-06 18:01:51
604,Suhbaatar,50.2314,106.2078,55.31,74,76,4.76,MN,broken clouds,2022-09-06 18:03:10
605,Togur,58.3631,82.8265,43.59,89,90,4.18,RU,overcast clouds,2022-09-06 18:03:10
606,Basoko,1.2391,23.616,77.79,74,48,1.92,CD,scattered clouds,2022-09-06 18:03:11
607,Shahrud,36.4182,54.9763,70.48,63,0,7.99,IR,clear sky,2022-09-06 18:03:11
608,Virginia Beach,36.8529,-75.978,89.04,63,99,4.0,US,overcast clouds,2022-09-06 18:00:31
609,Yingcheng,30.95,113.55,75.07,43,30,2.84,CN,scattered clouds,2022-09-06 18:03:11
610,Ornskoldsvik,63.2909,18.7153,49.15,76,0,6.91,SE,clear sky,2022-09-06 18:03:11
611,Cavalcante,-13.7975,-47.4583,88.3,19,37,8.97,BR,scattered clouds,2022-09-06 18:03:12
612,Mujiayingzi,42.1167,118.7833,54.34,55,21,7.63,CN,few clouds,2022-09-06 18:03:12
613,Nabire,-3.3667,135.4833,74.34,92,82,3.91,ID,light rain,2022-09-06 18:03:12
614,Dicabisagan,17.0818,122.4157,79.12,89,87,4.12,PH,overcast clouds,2022-09-06 18:03:13
615,Fort Frances,48.5999,-93.4003,76.15,68,2,8.55,CA,clear sky,2022-09-06 17:58:37
616,Cockburn Town,21.4612,-71.1419,83.52,73,42,11.07,TC,scattered clouds,2022-09-06 18:03:13
617,Burnie,-41.0667,145.9167,47.91,90,70,9.04,AU,broken clouds,2022-09-06 18:03:13
618,Zuwarah,32.9312,12.082,81.59,74,2,18.01,LY,clear sky,2022-09-06 18:03:14
619,Vestmanna,62.1564,-7.1664,56.32,94,100,17.27,FO,overcast clouds,2022-09-06 18:03:14
620,Buraydah,26.326,43.975,93.76,10,1,8.61,SA,clear sky,2022-09-06 18:03:14
621,Dhidhdhoo,6.8833,73.1,79.23,83,100,16.17,MV,light rain,2022-09-06 18:01:38
622,Baculin,7.4525,126.5842,77.97,78,40,3.58,PH,scattered clouds,2022-09-06 18:03:14
623,Kosai,34.7105,137.5316,79.93,90,87,3.78,JP,light rain,2022-09-06 18:03:15
624,Usinsk,65.9939,57.5281,42.44,96,100,2.98,RU,light rain,2022-09-06 18:03:15
625,Hare Bay,48.8499,-54.0148,58.19,80,100,7.02,CA,overcast clouds,2022-09-06 18:03:15
626,Amahai,-3.3333,128.9167,76.44,89,97,3.6,ID,overcast clouds,2022-09-06 18:03:16
627,Llanes,43.4198,-4.7549,70.77,76,40,7.18,ES,scattered clouds,2022-09-06 18:03:16
628,Woodward,36.4337,-99.3904,92.43,32,0,3.44,US,clear sky,2022-09-06 18:03:16
629,Chiautla,19.5333,-98.8833,73.17,55,92,1.25,MX,overcast clouds,2022-09-06 18:03:17
630,Jizan,17.3333,42.6667,94.53,45,62,4.32,SA,broken clouds,2022-09-06 18:03:17
631,Chaohu,31.6,117.8667,75.83,56,26,4.29,CN,scattered clouds,2022-09-06 18:03:17
632,Tieli,46.95,128.05,48.87,95,100,13.04,CN,light rain,2022-09-06 18:03:18
633,Tomatlan,19.9333,-105.25,91.04,48,100,14.38,MX,overcast clouds,2022-09-06 18:03:18
634,Sangueya,10.7,-14.3667,81.88,86,68,1.12,GN,moderate rain,2022-09-06 18:03:18
635,Esso,55.9333,158.7,43.61,89,78,2.44,RU,broken clouds,2022-09-06 18:03:19
636,Lingsugur,16.1667,76.5167,82.26,71,94,4.47,IN,moderate rain,2022-09-06 18:03:19
637,Boende,-0.2167,20.8667,78.06,72,71,2.37,CD,broken clouds,2022-09-06 18:03:19
638,Zabol,32.25,67.25,71.71,19,0,7.63,AF,clear sky,2022-09-06 18:03:19
639,Aramecina,13.7422,-87.7103,88.23,64,45,5.66,HN,scattered clouds,2022-09-06 18:03:20
640,Itarema,-2.9248,-39.9167,86.07,58,24,19.82,BR,few clouds,2022-09-06 18:03:20
641,Porto Novo,6.4965,2.6036,80.42,82,62,8.79,BJ,broken clouds,2022-09-06 17:59:56
642,Sompeta,18.9333,84.6,82.65,83,57,5.57,IN,broken clouds,2022-09-06 18:03:20
643,Bagado,5.4116,-76.4152,87.53,66,86,5.03,CO,overcast clouds,2022-09-06 18:03:21
644,Tatarka,44.9589,41.9517,58.82,49,25,4.79,RU,scattered clouds,2022-09-06 18:03:21
645,Lakheri,25.6667,76.1667,84.07,59,43,4.29,IN,scattered clouds,2022-09-06 18:03:21
646,Qaqortoq,60.7167,-46.0333,46.62,87,100,2.01,GL,overcast clouds,2022-09-06 18:03:22
647,Ingham,42.6,-84.3833,73.9,68,100,5.75,US,haze,2022-09-06 18:03:22
648,Puerto Varas,-41.3195,-72.9854,59.31,47,100,13.35,CL,light rain,2022-09-06 18:02:32
649,Caico,-6.4583,-37.0978,92.97,32,28,22.84,BR,scattered clouds,2022-09-06 18:03:22
650,Sembakung,3.8167,117.25,70.65,99,100,1.88,ID,overcast clouds,2022-09-06 18:03:23
651,Tumarbong,10.3766,119.4579,75.97,90,100,2.73,PH,overcast clouds,2022-09-06 18:03:23
652,San Isidro,-12.1167,-77.05,63.99,68,75,10.36,PE,broken clouds,2022-09-06 18:03:23
653,Meiganga,6.5167,14.3,67.69,95,49,2.44,CM,light rain,2022-09-06 18:03:23
654,Nara,34.6851,135.8049,73.49,80,100,4.76,JP,overcast clouds,2022-09-06 18:03:24
655,Tshela,-4.9833,12.9333,78.44,66,67,7.65,CD,broken clouds,2022-09-06 18:03:24
656,Karratha,-20.7377,116.8463,67.3,38,0,9.84,AU,clear sky,2022-09-06 18:03:24
657,Polson,47.6936,-114.1632,74.77,41,3,1.99,US,clear sky,2022-09-06 18:03:24
658,Nouadhibou,20.931,-17.0347,76.84,74,3,26.78,MR,clear sky,2022-09-06 18:03:25
659,Elliot Lake,46.3834,-82.6331,73.35,34,1,4.88,CA,clear sky,2022-09-06 18:03:25
660,Livingston,55.9029,-3.5226,58.14,98,20,4.61,GB,few clouds,2022-09-06 18:03:25
661,Tucupita,9.0622,-62.051,89.02,61,52,1.88,VE,broken clouds,2022-09-06 18:03:26
662,Sao Joao Da Barra,-21.6403,-41.0511,78.89,64,69,12.84,BR,broken clouds,2022-09-06 17:59:23
663,Lages,-27.8161,-50.3261,53.4,96,100,7.23,BR,moderate rain,2022-09-06 18:02:08
664,Kulhudhuffushi,6.6221,73.07,79.54,82,100,15.64,MV,overcast clouds,2022-09-06 18:03:26
665,Hovd,48.0056,91.6419,65.41,23,0,7.02,MN,clear sky,2022-09-06 18:03:26
666,Businga,3.3333,20.8833,75.6,84,76,1.92,CD,broken clouds,2022-09-06 18:03:26
667,Coihaique,-45.5752,-72.0662,38.03,100,100,2.73,CL,moderate rain,2022-09-06 18:03:24
668,Birjand,32.8663,59.2211,72.34,16,0,10.47,IR,clear sky,2022-09-06 18:03:27
669,Merauke,-8.4667,140.3333,76.77,90,100,7.83,ID,overcast clouds,2022-09-06 18:03:27
670,Aras,42.5617,-2.356,81.01,23,20,12.66,ES,few clouds,2022-09-06 18:03:27
671,Ketchikan,55.3422,-131.6461,52.36,88,100,12.17,US,light rain,2022-09-06 18:02:12
672,Guarapari,-20.6667,-40.4975,73.89,60,89,9.64,BR,overcast clouds,2022-09-06 18:03:28
673,Hargeysa,9.56,44.065,74.5,61,75,16.2,SO,light rain,2022-09-06 18:03:28
674,La Libertad,-2.2333,-80.9,71.26,78,75,5.75,EC,broken clouds,2022-09-06 18:03:28
675,Cheremukhovo,60.3484,59.9851,42.03,76,100,2.35,RU,overcast clouds,2022-09-06 18:03:29
676,Escalerillas,22.1333,-101.0667,67.87,60,75,4.61,MX,broken clouds,2022-09-06 18:03:29
677,Nuevo Imperial,-13.0754,-76.3172,70.09,57,37,8.52,PE,scattered clouds,2022-09-06 18:03:29
678,Griffith,41.5284,-87.4237,80.31,72,40,10.36,US,scattered clouds,2022-09-06 18:03:30
679,Tulum,20.2167,-87.4667,89.13,57,24,6.35,MX,few clouds,2022-09-06 18:00:34
680,Davidson,36.1501,-86.7833,85.68,62,75,9.22,US,broken clouds,2022-09-06 18:03:30
681,Pakxan,18.3778,103.6601,74.57,84,52,3.6,LA,broken clouds,2022-09-06 18:03:30
682,Coquimbo,-29.9533,-71.3436,59.9,74,24,4.32,CL,few clouds,2022-09-06 18:03:31
683,Bara,10.3744,10.7288,76.15,83,53,4.88,NG,light rain,2022-09-06 18:03:31
684,Rzeszow,50.0413,21.999,60.82,57,0,8.05,PL,clear sky,2022-09-06 18:01:34
685,Kargasok,59.0556,80.8572,42.76,82,71,6.51,RU,broken clouds,2022-09-06 18:03:31
686,Yurga,55.7231,84.8861,52.05,95,100,6.17,RU,overcast clouds,2022-09-06 18:03:31
687,Bereda,43.2686,-7.5406,69.42,73,92,8.05,ES,overcast clouds,2022-09-06 18:03:32
688,Sitio Novo Do Tocantins,-5.5183,-47.4611,103.01,17,17,8.03,BR,few clouds,2022-09-06 18:02:20
689,Sungai Petani,5.647,100.4877,82.27,96,100,3.24,MY,overcast clouds,2022-09-06 18:03:32
690,Pochutla,15.7432,-96.4661,87.82,65,97,2.13,MX,overcast clouds,2022-09-06 18:03:32
691,Sitka,57.0531,-135.33,57.09,58,100,10.36,US,light rain,2022-09-06 18:03:33
692,Yulara,-25.2406,130.9889,60.64,45,36,8.99,AU,scattered clouds,2022-09-06 18:01:24
